Workbook

Sheet Sheet1
B1: compound | C1: smiles
A2: GG3 | B2: =[1]NTS值计算!I5 -> Genistein | C2: C1=CC(=CC=C1C2=COC3=CC(=CC(=C3C2=O)O)O)O
A3: HQ6 | B3: =[1]NTS值计算!I6 -> Apigenin | C3: C1=CC(=CC=C1C2=CC(=O)C3=C(C=C(C=C3O2)O)O)O
A4: GG13 | B4: =[1]NTS值计算!I7 -> Daidzein | C4: C1=CC(=CC=C1C2=COC3=C(C2=O)C=CC(=C3)O)O
A5: GG1 | B5: =[1]NTS值计算!I8 -> Puerarin | C5: C1=CC(=CC=C1C2=COC3=C(C2=O)C=CC(=C3C4C(C(C(C(O4)CO)O)O)O)O)O
A6: HQ1 | B6: =[1]NTS值计算!I9 -> Wogonin | C6: COC1=C(C=C(C2=C1OC(=CC2=O)C3=CC=CC=C3)O)O
A7: HQ5 | B7: =[1]NTS值计算!I10 -> Baicalein | C7: C1=CC=C(C=C1)C2=CC(=O)C3=C(O2)C=C(C(=C3O)O)O
A8: HQ8 | B8: =[1]NTS值计算!I11 -> Chrysin | C8: C1=CC=C(C=C1)C2=CC(=O)C3=C(C=C(C=C3O2)O)O
A9: GG6 | B9: =[1]NTS值计算!I12 -> Formononetin | C9: COC1=CC=C(C=C1)C2=COC3=C(C2=O)C=CC(=C3)O
A10: HQ4 | B10: =[1]NTS值计算!I13 -> Oroxylin A | C10: COC1=C(C2=C(C=C1O)OC(=CC2=O)C3=CC=CC=C3)O
A11: GC13 | B11: =[1]NTS值计算!I14 -> Licochalcone A | C11: CC(C)(C=C)C1=C(C=C(C(=C1)/C=C/C(=O)C2=CC=C(C=C2)O)OC)O
A12: GC3 | B12: =[1]NTS值计算!I15 -> Isoliquiritigenin | C12: C1=CC(=CC=C1/C=C/C(=O)C2=C(C=C(C=C2)O)O)O
A13: GC7 | B13: =[1]NTS值计算!I16 -> Glycyrrhetinic acid | C13: CC1(C2CCC3(C(C2(CCC1O)C)C(=O)C=C4C3(CCC5(C4CC(CC5)(C)C(=O)O)C)C)C)C
... A61: GG14 | B61: =[1]NTS值计算!I64 -> Chrysin-8-C-glucoside | C61: C1=CC=C(C=C1)C2=CC(=O)C3=C(O2)C(=C(C=C3O)O)C4C(C(C(C(O4)CO)O)O)O

Sheet Sheet2
A1: CompoundName | B1: Content（%） | C1: Chinese_Name
A2: wogoninside | B2: 11.963 | C2: 汉黄芩苷
A3: puerarin | B3: 8.8863 | C3: 葛根素
A4: baicalin | B4: 6.4581 | C4: 黄芩苷
A5: berberine | B5: 6.2077 | C5: 小檗碱
A6: palmatine | B6: 2.0096 | C6: 盐酸巴马汀
A7: 3'-methoxypuerarin | B7: 1.7534 | C7: 3‘-甲氧基葛根素
A8: coptisine | B8: 1.612 | C8: 黄连碱
A9: mirificin | B9: 1.5131 | C9: 美弗辛
A10: daidzin | B10: 1.3578 | C10: 大豆苷
A11: 3'-hydroxypuerarin | B11: 0.9553 | C11: 3’-羟基葛根素
A12: epiberberine | B12: 0.95 | C12: 表小檗碱
A13: glycyrrhizic acid | B13: 0.5159 | C13: 甘草酸
... A54: biochanin A | B54: 0.0001 | C54: 鹰嘴豆芽素A
